<?xml version="1.0" encoding="UTF-8"?><?xml-stylesheet type='text/xsl' href='_UpgradeReport_Files/UpgradeReport.xslt'?><UpgradeLog>
<Properties><Property Name="Solution" Value="OpenSURF2008">
</Property><Property Name="Solution File" Value="C:\Users\ricki naim\Desktop\opensurf\OpenSURFcpp\OpenSURF2008.sln">
</Property><Property Name="Date" Value="יום רביעי 31 אוגוסט 2011">
</Property><Property Name="Time" Value="11:44">
</Property></Properties><Event ErrorLevel="0" Project="" Source="OpenSURF2008.sln" Description="File successfully backed up as C:\Users\ricki naim\Desktop\opensurf\OpenSURFcpp\OpenSURF2008.sln.old">
</Event><Event ErrorLevel="0" Project="OpenSURF2008" Source="OpenSURF2008.vcproj" Description="Converting project file 'C:\Users\ricki naim\Desktop\opensurf\OpenSURFcpp\OpenSURF2008.vcproj'.">
</Event><Event ErrorLevel="1" Project="OpenSURF2008" Source="OpenSURF2008.vcproj" Description="VCWebServiceProxyGeneratorTool is no longer supported. The tool has been removed from your project settings.">
</Event><Event ErrorLevel="0" Project="OpenSURF2008" Source="OpenSURF2008.vcproj" Description="Done converting to new project file 'C:\Users\ricki naim\Desktop\opensurf\OpenSURFcpp\OpenSURF2008.vcxproj'.">
</Event><Event ErrorLevel="3" Project="OpenSURF2008" Source="OpenSURF2008.vcproj" Description="Converted">
</Event><Event ErrorLevel="0" Project="" Source="OpenSURF2008.sln" Description="Solution converted successfully">
</Event><Event ErrorLevel="3" Project="" Source="OpenSURF2008.sln" Description="Converted">
</Event></UpgradeLog>